obdobje,model_type,n_components,amplitude,mesor,peaks,heights,amplitude_CIs,mesor_CIs,peaks_CIs,heights_CIs,AIC,BIC,log_likelihood,llr_pvalue
delovnik april 2019,gen_poisson,7.0,2995.54,3437.1,[ 6.81 15.32],[6217.27 6432.65],[2940.94 3070.92],[3381.95 3512.06],"[[ 6.75  6.91]
 [15.16 15.39]]","[[6158.89 6300.91]
 [6324.26 6581.62]]",4905.742263056516,4967.919927559718,-2436.871131528258,0.0
delovnik november 2019,gen_poisson,8.0,3084.91,3451.8,[ 6.81 15.32],[6052.79 6536.7 ],[3044.04 3129.41],[3411.28 3498.15],"[[ 6.81  6.81]
 [15.25 15.37]]","[[6011.71 6076.56]
 [6455.95 6626.92]]",4540.895792675323,4610.99504369209,-2252.4478963376614,0.0
delovnik april 2020,gen_poisson,7.0,1452.39,1579.27,[ 6.41 14.91],[2892.09 3031.66],[1396.55 1509.82],[1524.39 1633.99],"[[ 6.36  6.49]
 [14.76 15.12]]","[[2807.71 2964.88]
 [2921.1  3143.65]]",4713.124515052817,4775.302179556019,-2340.5622575264083,9.466423681267804e-292
delovnik november 2020,gen_poisson,9.0,1454.56,1631.46,[ 7.21 15.82],[3086.02 2991.32],[1424.01 1484.18],[1602.43 1661.73],"[[ 7.09  7.31]
 [15.69 15.98]]","[[3021.12 3147.83]
 [2932.59 3071.15]]",7763.994015962951,7852.5237851121055,-3861.9970079814757,0.0
