obdobje,model_type,n_components,amplitude,mesor,peaks,heights,amplitude_CIs,mesor_CIs,peaks_CIs,heights_CIs,AIC,BIC,log_likelihood,llr_pvalue
april 2019,gen_poisson,5.0,2522.18,3013.87,[ 7.21 15.22],[4919.8  5536.05],[2428.07 2673.73],[2920.09 3158.95],"[[ 6.93  7.34]
 [15.01 15.5 ]]","[[4639.54 5191.51]
 [5349.19 5831.64]]",7641.433847412964,7692.1047626298205,-3808.716923706482,0.0
november 2019,gen_poisson,5.0,2615.95,3063.8,[ 7.31 15.32],[4450.64 5679.76],[2484.95 2702.68],[2927.84 3148.17],"[[ 6.95  7.67]
 [15.16 15.53]]","[[4172.87 4772.73]
 [5415.23 5848.4 ]]",7749.033276472314,7799.70419168917,-3862.516638236157,2.087383553283328e-291
april 2020,gen_poisson,5.0,1065.9,1241.1,[ 6.71 11.91 14.91],[1933.04 2042.   2307.  ],[ 978.6  1178.75],[1160.3  1351.76],"[[ 6.54  7.08]
 [10.88 12.38]
 [14.51 15.47]]","[[1753.26 2196.98]
 [1959.31 2197.27]
 [2136.65 2530.19]]",7302.537246773836,7353.23194792514,-3639.268623386918,4.9676638260232816e-222
november 2020,gen_poisson,5.0,1118.82,1371.95,[ 7.41 12.21 15.92],[2445.32 2057.38 2490.77],[1058.49 1187.76],[1314.14 1440.87],"[[ 7.24  7.63]
 [11.86 12.47]
 [15.68 16.21]]","[[2288.23 2603.97]
 [2003.07 2206.06]
 [2339.67 2590.88]]",11679.045226412138,11735.716783950404,-5827.522613206069,0.0
