obdobje,model_type,n_components,amplitude,mesor,peaks,heights,amplitude_CIs,mesor_CIs,peaks_CIs,heights_CIs,AIC,BIC,log_likelihood,llr_pvalue
vikend april 2019,gen_poisson,2.0,1694.28,2326.76,[11.21],[4021.03],[1638.   1777.32],[2275.48 2387.17],[10.91 11.61],[3921.54 4156.42],1736.5196651380368,1753.244615594729,-862.2598325690184,1.5069285363302817e-73
vikend november 2019,gen_poisson,3.0,1781.03,2272.28,[11.61 15.72],[4053.3  3998.37],[1743.36 1847.12],[2231.13 2341.44],"[[11.21 11.94]
 [15.24 16.09]]","[[3937.84 4198.7 ]
 [3946.98 4065.68]]",2008.5342281369972,2032.2927345336052,-996.2671140684986,3.561336833568843e-106
vikend april 2020,gen_poisson,3.0,483.76,582.08,[12.01 17.22],[1065.84  965.17],[455.32 526.86],[552.47 626.54],"[[11.5  12.65]
 [16.82 17.95]]","[[1008.58 1152.62]
 [ 913.99 1054.06]]",1537.0669985091104,1559.3669324513667,-760.5334992545552,6.3941603450230484e-55
vikend november 2020,gen_poisson,2.0,604.73,799.73,[15.72],[1404.46],[578.09 634.96],[767.63 832.52],[15.12 16.19],[1347.53 1465.68],2603.9980176304543,2623.7578465788015,-1295.9990088152272,5.243250969419986e-83
