dan,model_type,n_components,amplitude,mesor,peaks,heights,amplitude_CIs,mesor_CIs,peaks_CIs,heights_CIs,AIC,BIC,log_likelihood,llr_pvalue
torek,gen_poisson,7.0,2956.52,3394.3,[ 6.81 15.32],[5535.29 6350.82],[2889.71 3012.16],[3337.75 3450.36],"[[ 6.75  6.95]
 [15.26 15.42]]","[[5347.6  5654.14]
 [6229.47 6460.52]]",11917.371695336395,11992.991429774134,-5942.685847668197,0.0
sreda,gen_poisson,7.0,2932.5,3378.71,[ 6.81 15.32],[5628.9  6311.21],[2855.21 3017.15],[3290.1  3468.98],"[[ 6.68  6.92]
 [15.26 15.45]]","[[5419.57 5931.35]
 [6146.49 6484.95]]",11345.729123705609,11420.562459085562,-5656.864561852804,0.0
cetrtek,gen_poisson,7.0,3033.42,3472.75,[ 6.91 15.32],[5516.82 6506.17],[3006.96 3060.39],[3442.49 3507.38],"[[ 6.73  7.07]
 [15.26 15.43]]","[[5344.72 5657.54]
 [6453.14 6564.07]]",11023.720652730903,11098.125117508302,-5495.860326365451,0.0
petek,gen_poisson,7.0,2583.05,3064.18,[ 6.81 14.91],[5228.47 5647.23],[2536.8  2639.71],[3012.74 3116.24],"[[ 6.74  7.05]
 [14.63 15.13]]","[[4928.06 5551.78]
 [5550.98 5752.38]]",10570.603839876774,10643.693086459365,-5269.301919938387,0.0
sobota,gen_poisson,6.0,1830.34,2358.22,[10.91 12.91 16.62],[4173.29 4188.56 4138.89],[1822.95 1852.5 ],[2347.35 2387.15],"[[ 9.39 13.27]
 [11.42 14.24]
 [16.31 16.91]]","[[4165.33 4234.31]
 [4162.53 4232.15]
 [4103.49 4199.69]]",10992.462894879747,11057.530532109633,-5482.231447439874,0.0
nedelja,gen_poisson,6.0,1873.71,2315.18,[12.51 16.92],[4125.95 4188.89],[1841.88 1913.04],[2290.65 2342.92],"[[11.99 12.79]
 [16.68 17.05]]","[[4094.31 4182.68]
 [4123.79 4260.18]]",6557.355500525083,6615.904689219115,-3264.6777502625414,0.0
ponedeljek,gen_poisson,7.0,2919.26,3401.57,[ 6.81 15.42],[5666.19 6320.82],[2870.8  2965.27],[3350.64 3450.19],"[[ 6.76  6.96]
 [15.34 15.47]]","[[5498.46 5848.58]
 [6222.6  6414.29]]",11542.85287926712,11618.14310478488,-5755.42643963356,0.0
