tipi_vozil,model_type,n_components,amplitude,mesor,peaks,heights,amplitude_CIs,mesor_CIs,peaks_CIs,heights_CIs,AIC,BIC,log_likelihood,llr_pvalue
osebno_v,gen_poisson,7.0,2244.54,2499.22,[ 7.01 15.32],[3564.67 4743.77],[2222.04 2270.78],[2475.97 2526.45],"[[ 6.85  7.05]
 [15.27 15.4 ]]","[[3538.98 3641.95]
 [4698.69 4796.56]]",76308.39679593322,76413.25319786384,-38138.19839796661,0.0
avtobus,gen_poisson,7.0,4.03,14.28,[ 7.91 16.12],[18.31 15.12],[3.61 4.44],[14.05 14.55],"[[ 7.79  7.97]
 [14.96 16.85]]","[[17.69 18.95]
 [14.85 15.76]]",32887.87976727658,32992.7361692072,-16427.93988363829,1.0203689680607211e-106
tovorno_v,gen_poisson,7.0,371.74,594.17,[ 7.41 13.11],[965.91 906.24],[346.36 380.83],[569.33 604.09],"[[ 6.84  8.19]
 [12.76 13.42]]","[[916.39 984.23]
 [878.72 941.96]]",70681.09196704085,70785.94836897147,-35324.545983520424,0.0
