vikend_delovnik,model_type,n_components,amplitude,mesor,peaks,heights,amplitude_CIs,mesor_CIs,peaks_CIs,heights_CIs,AIC,BIC,log_likelihood,llr_pvalue
weekday,gen_poisson,7.0,2847.15,3308.24,[ 6.81 15.32],[5513.32 6155.39],[2810.37 2877.22],[3273.46 3343.98],"[[ 6.75  6.93]
 [15.27 15.36]]","[[5398.06 5662.12]
 [6084.78 6220.25]]",56833.0426798214,56933.46499509922,-28400.5213399107,0.0
weekend,gen_poisson,6.0,1836.91,2326.76,[12.61 16.82],[4163.67 4155.84],[1822.37 1858.51],[2308.84 2346.3 ],"[[11.64 13.43]
 [16.45 17.05]]","[[4127.46 4203.02]
 [4106.7  4183.76]]",17633.2479517506,17705.136423672524,-8802.6239758753,0.0
