vreme,model_type,n_components,amplitude,mesor,peaks,heights,amplitude_CIs,mesor_CIs,peaks_CIs,heights_CIs,AIC,BIC,log_likelihood,llr_pvalue
"jasno, rahla oblacnost",gen_poisson,7.0,2488.22,2993.44,[ 7.01 15.22],[4506.26 5481.66],[2437.6  2542.82],[2940.07 3052.31],"[[ 6.87  7.21]
 [15.1  15.4 ]]","[[4308.21 4667.88]
 [5378.34 5594.46]]",51839.499093922015,51938.149460726774,-25903.749546961008,0.0
"dez, sneg, megla",gen_poisson,5.0,2612.46,3108.36,[ 7.21 15.42],[4557.78 5720.82],[2549.77 2685.73],[3022.48 3169.34],"[[ 7.07  7.38]
 [15.34 15.61]]","[[4402.93 4728.05]
 [5595.61 5831.7 ]]",26770.5568113111,26835.58218190411,-13373.27840565555,0.0
